{
    "coinbase_pro": {
        "my cool portfolio": {
            "API_KEY": "******************************",
            "API_SECRET": "**************************************************************************************",
            "API_PASS": "**********"
        }
    },
    "binance": {
        "another cool portfolio": {
            "API_KEY": "**************************************************************",
            "API_SECRET": "*************************************************************"
        }
    },
    "alpaca": {
        "another cool portfolio": {
            "API_KEY": "********************",
            "API_SECRET": "****************************************"
        }
    },
    "oanda": {
        "oanda test portfolio": {
            "ACCOUNT_ID": "********************",
            "PERSONAL_ACCESS_TOKEN": "*****************************************************************"
        }
    }
}