{
    "coinbase_pro": {
        "Coinbase Pro Portfolio": {
            "API_KEY": "507de4ebdac3fe9505dc2e4b675450e3",
            "API_SECRET": "Ar4MW4gPcFaT2Z6yP6nNKG7hAqp76HsN4374i/GB8ihKZDZvbbYVENROKxeJc+PeqRyVJvDyZyK8ld4sep3AKA==",
            "API_PASS": "zov4xiycr6"
        }
    },
    "binance": {
        "another cool portfolio": {
            "API_KEY": "**************************************************************",
            "API_SECRET": "*************************************************************"
        }
    },
    "alpaca": {
        "Alpaca Portfolio" : {
            "API_KEY": "PKV66AUVBYJGXGQMT3SI",
            "API_SECRET": "Uq3IGRP0xg0PbWdXPPAU1FjFViDsz8qTFUF88APJ"
        }
    },
    "oanda": {
        "oanda test portfolio": {
            "ACCOUNT_ID": "********************",
            "PERSONAL_ACCESS_TOKEN": "*****************************************************************"
        }
    }
}
